nombre_instancia;tipo_instancia;num_dags;tablas_target;tablas_source;tablas_totales
dags_p0025_s4;Sintética;25;119;219;320
dags_p0020_s3;Sintética;20;87;145;228
dags_m0150_s3;Sintética;150;661;618;924
dags_g0500_s4;Sintética;500;2184;1669;2537
dags_p0010_s5;Sintética;10;48;101;142
dags_p0015_s5;Sintética;15;65;113;174
dags_p0030_s2;Sintética;30;136;206;317
dags_300_s1;Sintética;300;1373;867;1585
dags_m0050_s3;Sintética;50;231;326;499
dags_015_s1;Sintética;15;66;68;92
dags_m0200_s5;Sintética;200;872;717;1052
dags_g0500_s3;Sintética;500;2294;1660;2571
dags_p0040_s3;Sintética;40;154;300;421
dags_p0015_s4;Sintética;15;70;121;186
dags_p0015_s3;Sintética;15;74;109;179
dags_100_s1;Sintética;100;424;282;504
dags_m0075_s1;Sintética;75;328;365;591
dags_g1000_s3;Sintética;1000;4481;3366;5149
dags_g1000_s5;Sintética;1000;4493;3319;5090
dags_030_s2;Sintética;30;126;115;168
dags_p0040_s1;Sintética;40;161;286;413
dags_g0250_s2;Sintética;250;1101;826;1252
dags_m0200_s2;Sintética;200;878;696;1049
dags_050_s1;Sintética;50;224;137;266
dags_g0250_s3;Sintética;250;1123;789;1253
dags_p0025_s2;Sintética;25;99;208;292
dags_m0075_s2;Sintética;75;348;454;681
dags_p0020_s2;Sintética;20;78;172;242
dags_m0075_s3;Sintética;75;368;410;661
dags_p0040_s2;Sintética;40;163;272;400
dags_m0050_s5;Sintética;50;232;317;490
dags_g0250_s1;Sintética;250;1137;810;1276
dags_g0500_s5;Sintética;500;2194;1767;2590
dags_g1000_s4;Sintética;1000;4428;3410;5128
dags_g0300_s2;Sintética;300;1330;1029;1534
dags_g0750_s3;Sintética;750;3294;2449;3767
dags_g0500_s1;Sintética;500;2161;1729;2536
dags_g1000_s1;Sintética;1000;4508;3400;5151
dags_g0250_s5;Sintética;250;1130;806;1265
dags_020_s2;Sintética;20;93;91;124
dags_500_s1;Sintética;500;2137;1152;2470
dags_p0025_s3;Sintética;25;112;182;287
dags_m0050_s1;Sintética;50;222;337;504
dags_m0150_s2;Sintética;150;684;635;955
dags_g0750_s1;Sintética;750;3367;2502;3830
dags_p0030_s5;Sintética;30;135;214;332
dags_m0100_s5;Sintética;100;422;473;723
dags_010_s1;Sintética;10;53;51;77
dags_150_s1;Sintética;150;658;426;765
dags_p0020_s1;Sintética;20;83;155;229
dags_p0030_s3;Sintética;30;136;237;344
dags_m0125_s1;Sintética;125;534;532;827
dags_m0100_s3;Sintética;100;445;470;742
dags_g0400_s1;Sintética;400;1828;1304;2044
dags_100_s2;Sintética;100;481;311;555
dags_m0100_s1;Sintética;100;428;444;711
dags_m0125_s4;Sintética;125;563;554;859
dags_p0020_s4;Sintética;20;86;165;243
dags_g0250_s4;Sintética;250;1129;805;1264
dags_025_s1;Sintética;25;114;124;153
dags_p0030_s4;Sintética;30;132;210;320
dags_g0300_s1;Sintética;300;1283;1016;1503
dags_p0040_s4;Sintética;40;191;285;429
dags_020_s1;Sintética;20;84;97;118
dags_208_s2;Sintética;208;899;562;1035
dags_p0010_s2;Sintética;10;50;98;146
dags_m0200_s3;Sintética;200;854;674;1012
dags_g0400_s4;Sintética;400;1720;1299;1969
dags_040_s1;Sintética;40;198;146;239
dags_p0025_s1;Sintética;25;105;196;291
dags_m0125_s3;Sintética;125;566;586;880
dags_m0100_s2;Sintética;100;451;544;799
dags_g0300_s4;Sintética;300;1319;993;1521
dags_m0075_s5;Sintética;75;318;435;646
dags_m0075_s4;Sintética;75;335;425;651
dags_m0125_s2;Sintética;125;530;592;853
dags_p0040_s5;Sintética;40;201;295;457
dags_075_s1;Sintética;75;342;208;404
dags_p0010_s4;Sintética;10;39;106;140
dags_p0010_s1;Sintética;10;52;93;142
dags_030_s1;Sintética;30;132;110;168
dags_g0750_s2;Sintética;750;3282;2571;3849
dags_m0200_s1;Sintética;200;891;671;1045
dags_g0750_s5;Sintética;750;3325;2431;3776
dags_p0015_s1;Sintética;15;86;97;181
dags_p0020_s5;Sintética;20;84;164;237
dags_208_corp;Sintética;208;921;548;1068
dags_p0010_s3;Sintética;10;49;103;148
dags_p0025_s5;Sintética;25;109;214;308
dags_m0050_s2;Sintética;50;212;295;456
dags_m0150_s5;Sintética;150;699;608;959
dags_m0150_s4;Sintética;150;652;617;920
dags_g0400_s5;Sintética;400;1816;1277;2022
dags_010_s2;Sintética;10;46;42;74
dags_g0400_s3;Sintética;400;1776;1336;2050
dags_p0015_s2;Sintética;15;69;122;186
dags_015_s2;Sintética;15;58;56;88
dags_g0500_s2;Sintética;500;2282;1613;2545
dags_m0100_s4;Sintética;100;456;512;786
dags_g1000_s2;Sintética;1000;4473;3318;5109
dags_m0200_s4;Sintética;200;863;694;1027
dags_m0150_s1;Sintética;150;656;605;936
dags_m0125_s5;Sintética;125;551;536;836
dags_m0050_s4;Sintética;50;244;332;510
dags_g0400_s2;Sintética;400;1747;1364;2040
dags_050_s2;Sintética;50;213;150;254
dags_g0300_s3;Sintética;300;1354;1043;1574
dags_g0300_s5;Sintética;300;1300;1054;1534
dags_p0030_s1;Sintética;30;116;206;306
dags_g0750_s4;Sintética;750;3314;2471;3763