instancia,n_dags,dominios_K,pares_afinidad,C_max,heur_score,heur_dominios,verif_afinidad,estado,obj,cota,gap_pct,tiempo_s,dominios_usados,brecha_heur_pct
dags_p0010_s4,10,4,13,50,13,4,ok,OPTIMO,13,13,0.00,0.60,4,0.00
dags_p0010_s5,10,4,16,50,20,4,ok,OPTIMO,20,20,0.00,0.01,4,0.00
dags_p0010_s2,10,4,12,50,12,4,ok,OPTIMO,12,12,0.00,0.00,4,0.00
dags_p0010_s1,10,4,20,50,13,4,ok,OPTIMO,13,13,0.00,0.01,4,0.00
dags_p0010_s3,10,4,13,50,13,4,ok,OPTIMO,13,13,0.00,0.01,4,0.00
dags_010_s2,10,3,23,50,146,3,ok,OPTIMO,159,159,0.00,0.01,3,8.18
dags_p0015_s5,15,5,21,50,22,5,ok,OPTIMO,22,22,0.00,0.02,5,0.00
dags_p0015_s1,15,5,18,50,20,5,ok,OPTIMO,20,20,0.00,0.01,5,0.00
dags_p0015_s3,15,5,26,50,19,5,ok,OPTIMO,19,19,0.00,0.01,5,0.00
dags_010_s1,10,3,22,50,161,3,ok,OPTIMO,185,185,0.00,0.01,3,12.97
dags_p0015_s4,15,5,24,50,23,5,ok,OPTIMO,23,23,0.00,0.02,5,0.00
dags_p0015_s2,15,5,28,50,18,5,ok,OPTIMO,18,18,0.00,0.07,5,0.00
dags_p0020_s3,20,6,33,50,25,6,ok,OPTIMO,25,25,0.00,0.06,6,0.00
dags_p0020_s1,20,6,40,50,34,6,ok,OPTIMO,34,34,0.00,0.15,6,0.00
dags_015_s2,15,4,67,50,201,4,ok,OPTIMO,247,247,0.00,0.12,4,18.62
dags_p0020_s2,20,6,47,50,24,6,ok,OPTIMO,31,31,0.00,0.11,6,22.58
dags_p0020_s5,20,7,51,50,35,7,ok,OPTIMO,35,35,0.00,0.21,7,0.00
dags_p0020_s4,20,7,46,50,25,7,ok,OPTIMO,26,26,0.00,0.27,7,3.85
dags_015_s1,15,5,46,50,378,5,ok,OPTIMO,378,378,0.00,0.08,5,0.00
dags_p0025_s1,25,8,56,50,34,8,ok,OPTIMO,34,34,0.00,0.28,8,0.00
dags_p0025_s3,25,8,64,50,41,8,ok,OPTIMO,41,41,0.00,0.33,8,0.00
dags_p0025_s2,25,8,77,50,44,8,ok,OPTIMO,44,44,0.00,0.90,8,0.00
dags_p0025_s5,25,8,72,50,37,8,ok,OPTIMO,45,45,0.00,0.56,8,17.78
dags_p0030_s1,30,8,83,50,44,8,ok,OPTIMO,54,54,0.00,7.47,8,18.52
dags_p0025_s4,25,9,84,50,43,9,ok,OPTIMO,43,43,0.00,0.66,9,0.00
dags_p0030_s2,30,9,105,50,59,9,ok,OPTIMO,59,59,0.00,7.87,9,0.00
dags_p0030_s4,30,9,108,50,60,9,ok,OPTIMO,62,62,0.00,8.09,9,3.23
dags_p0030_s5,30,9,114,50,45,9,ok,OPTIMO,58,58,0.00,11.16,9,22.41
dags_020_s1,20,6,84,50,398,6,ok,OPTIMO,419,419,0.00,0.26,6,5.01
dags_p0030_s3,30,10,109,50,64,10,ok,OPTIMO,64,64,0.00,6.18,10,0.00
dags_020_s2,20,7,96,50,286,7,ok,OPTIMO,363,363,0.00,0.28,7,21.21
dags_p0040_s2,40,12,171,50,79,12,ok,OPTIMO,82,82,0.00,2757.95,12,3.66
dags_p0040_s1,40,12,192,50,72,12,ok,OPTIMO,88,88,0.00,760.35,12,18.18
dags_p0040_s3,40,13,195,50,91,13,ok,OPTIMO,91,91,0.00,1988.01,13,0.00
dags_p0040_s4,40,13,216,50,89,13,ok,LIMITE_TIEMPO,93,99,6.45,3600.06,13,10.10
dags_p0040_s5,40,14,210,50,92,14,ok,OPTIMO,92,92,0.00,33.47,14,0.00
dags_025_s1,25,10,148,50,466,10,ok,OPTIMO,467,467,0.00,1.10,10,0.21
dags_m0050_s2,50,14,236,50,123,14,ok,LIMITE_TIEMPO,124,140,12.90,3600.05,14,12.14
dags_030_s1,30,10,207,50,491,10,ok,OPTIMO,513,513,0.00,1483.44,10,4.29
dags_030_s2,30,10,207,50,664,10,ok,OPTIMO,757,757,0.00,779.81,10,12.29
dags_m0050_s3,50,16,285,50,121,16,ok,LIMITE_TIEMPO,122,131,7.38,3600.05,16,7.63
dags_m0050_s5,50,16,317,50,123,16,ok,LIMITE_TIEMPO,127,135,6.30,3600.05,16,8.89
dags_m0050_s1,50,16,294,50,115,16,ok,LIMITE_TIEMPO,115,125,8.70,3600.06,16,8.00
dags_m0050_s4,50,16,356,50,96,16,ok,LIMITE_TIEMPO,116,149,28.45,3600.06,16,35.57
dags_040_s1,40,13,318,50,765,13,ok,LIMITE_TIEMPO,881,919,4.31,3600.06,13,16.76
dags_m0075_s1,75,22,867,50,184,22,ok,LIMITE_TIEMPO,215,279,29.77,3600.23,22,34.05
dags_050_s2,50,14,442,50,1020,14,ok,LIMITE_TIEMPO,1302,1421,9.14,3600.06,14,28.22
dags_m0075_s5,75,23,675,50,189,23,ok,LIMITE_TIEMPO,194,256,31.96,3600.14,23,26.17
dags_m0075_s4,75,23,693,50,175,23,ok,LIMITE_TIEMPO,180,250,38.89,3600.14,23,30.00
dags_m0075_s3,75,24,741,50,191,24,ok,LIMITE_TIEMPO,195,253,29.74,3600.17,24,24.51
dags_050_s1,50,16,466,50,985,16,ok,LIMITE_TIEMPO,1105,1214,9.86,3600.08,15,18.86
dags_m0075_s2,75,25,817,50,150,25,ok,LIMITE_TIEMPO,184,235,27.72,3600.20,25,36.17
dags_m0100_s1,100,29,1391,50,293,29,ok,LIMITE_TIEMPO,293,419,43.00,3632.01,29,30.07
dags_m0100_s5,100,29,1233,50,253,29,ok,LIMITE_TIEMPO,290,410,41.38,3600.34,29,38.29
dags_m0100_s3,100,30,1211,50,273,30,ok,LIMITE_TIEMPO,290,406,40.00,3600.34,30,32.76
dags_m0100_s4,100,32,1245,50,243,32,ok,LIMITE_TIEMPO,276,383,38.77,3651.56,32,36.55
dags_m0100_s2,100,33,1248,50,238,33,ok,LIMITE_TIEMPO,271,375,38.38,3600.37,33,36.53
dags_075_s1,75,24,968,50,1250,24,ok,LIMITE_TIEMPO,1327,1497,12.81,3600.23,23,16.50
dags_m0125_s1,125,37,2062,50,363,37,ok,LIMITE_TIEMPO,367,592,61.31,3600.84,37,38.68
dags_m0125_s5,125,38,1950,50,372,38,ok,LIMITE_TIEMPO,374,566,51.34,3600.89,38,34.28
dags_m0125_s4,125,38,1827,50,331,38,ok,LIMITE_TIEMPO,348,519,49.14,3600.82,38,36.22
dags_m0125_s2,125,39,1860,50,372,39,ok,LIMITE_TIEMPO,372,541,45.43,3615.14,39,31.24
dags_m0125_s3,125,40,1862,50,363,40,ok,LIMITE_TIEMPO,366,571,56.01,3604.60,40,36.43
dags_m0150_s3,150,45,2570,50,403,45,ok,LIMITE_TIEMPO,417,2688,544.60,3601.42,45,85.01
dags_m0150_s1,150,46,2688,50,412,46,ok,LIMITE_TIEMPO,415,2790,572.29,3601.26,46,85.23
dags_m0150_s4,150,46,2803,50,444,46,ok,LIMITE_TIEMPO,444,3298,642.79,3601.57,46,86.54
dags_m0150_s2,150,46,2740,50,407,46,ok,LIMITE_TIEMPO,410,2728,565.37,3601.36,46,85.08
dags_m0150_s5,150,47,3064,50,387,47,ok,LIMITE_TIEMPO,390,3446,783.59,3601.54,47,88.77
dags_100_s1,100,32,1559,50,1135,32,ok,LIMITE_TIEMPO,1189,1435,20.69,3611.45,32,20.91
dags_100_s2,100,32,1388,50,1428,32,ok,LIMITE_TIEMPO,1611,1865,15.77,3600.41,32,23.43
dags_m0200_s3,200,59,4688,50,629,59,ok,LIMITE_TIEMPO,629,5572,785.85,3602.62,59,88.71
dags_m0200_s4,200,60,4708,50,583,60,ok,LIMITE_TIEMPO,583,5639,867.24,3602.70,60,89.66
dags_m0200_s1,200,61,4880,50,593,61,ok,LIMITE_TIEMPO,593,5563,838.11,3602.72,61,89.34
dags_m0200_s5,200,61,4834,50,541,61,ok,LIMITE_TIEMPO,541,5462,909.61,3602.66,61,90.10
dags_m0200_s2,200,61,4997,50,598,61,ok,LIMITE_TIEMPO,598,5659,846.32,3602.76,61,89.43
dags_150_s1,150,47,3153,50,1322,47,ok,LIMITE_TIEMPO,1524,8658,468.11,3601.51,47,84.73
dags_208_corp,,,,,,,,ERROR: Model too large for size-limited license; visit https://gurobi.com/unrestricted for more information,,,,,,
dags_208,208,80,4581,50,,,,LIMITE_TIEMPO,1734,10287,493.25,3603.81,66,
