cluster_id,num_dags,capacity_used,internal_affinity,lineage_pairs,write_conflicts,cohesion_score,semaphore,unique_tables_count
0,3,50,17,0,0,56.67,YELLOW,37
1,3,49,18,0,0,60.00,YELLOW,35
2,3,50,17,0,0,56.67,YELLOW,37
3,4,47,9,1,0,15.00,RED,41
4,3,50,19,1,0,63.33,YELLOW,43
5,4,49,11,0,0,18.33,RED,42
6,2,43,3,1,0,30.00,RED,42
7,2,41,8,0,0,80.00,GREEN,33
8,2,43,21,1,0,100.00,GREEN,36
9,3,49,19,0,0,63.33,YELLOW,32
10,3,48,12,1,0,40.00,YELLOW,40
11,3,49,9,1,0,30.00,RED,46
12,5,50,22,2,0,22.00,RED,41
