cluster_id,dag_name
0,dlk_compensaciones_licencia
0,dlk_sap_homologo_laborales
0,dlk_sap_homologo_reconocimiento_interno
1,dlk_beneficios_brecha
1,dlk_movilidad_unidad
1,dlk_planta_encuesta_01
2,dlk_talento_jefatura
2,dlk_capacitacion_alerta
2,dlk_compensaciones_curso
3,dlk_nomina_indicador
3,gob_nomina_licencia
3,dlk_desempeno_colaborador
4,dlk_compensaciones_contrato
4,gob_compensaciones_cargo_01
4,dlk_clima_indicador
5,gob_qualtrics_formacion
5,proc_formacion_hora_extra
6,gob_desempeno_posicion
6,dlk_desempeno_postulante
6,gob_cartera_sn
7,dlk_oreilly
7,dlk_egresos_brecha
7,gob_clima_evaluacion
8,dlk_beneficios_vacante
8,dlk_riesgo_egreso
8,dlk_planta_evaluacion
8,dlk_nomina_curso
9,gob_maestro_talento_sap
9,gob_riesgo_unidad_01
9,dlk_sap_homologo_idiomas
10,dlk_planta_colaborador
10,dlk_movilidad_incidencia
10,dlk_diversidad_brecha
10,dlk_movilidad_egreso
11,gob_beneficios_evaluacion
11,dlk_datacamp
11,gob_personales_miami_parche
12,dlk_movilidad_evaluacion
12,gob_proceso_seleccion
13,dlk_diversidad_meta
13,gob_diversidad_hora_extra
13,dlk_diversidad_traslado
14,dlk_egresos_licencia
14,dlk_compensaciones_traslado
14,dlk_sap_homologo_arquetipos
15,gob_planta_ingreso
15,dlk_planta_contrato
15,dlk_coursera
16,gob_ausentismos_diarios
16,proc_desempeno_sucursal
16,proc_formacion_postulante
17,gob_egresos_brecha
17,dlk_egresos_contrato
17,dlk_egresos_cargo
18,gob_movilidad_antiguedad
18,proc_movilidad_unidad
18,dlk_sap_homologo_egresos
19,gob_nomina_brecha
19,dlk_nomina_region
19,dlk_seleccion_brecha
20,gob_compensaciones_cargo
20,dlk_compensaciones_postulante
20,dlk_compensaciones_curso_01
21,gob_capacitacion_meta
21,dlk_sap_homologo_experiencia_previa
21,gob_capacitacion_vacante
22,gob_ausentismo_ingreso
22,gob_ausentismo_turno
22,dlk_sap_homologo_capacidades_diferentes
23,gob_desempeno_bono
23,gob_desempeno_ingreso
24,dash_reportabilidad_ingreso
24,proc_reportabilidad_alerta
24,dash_reportabilidad_alerta
25,proc_capacitacion_licencia_01
25,gob_reportes_directos_sap
25,proc_capacitacion_licencia
26,proc_capacitacion_cargo
26,dash_capacitacion_jefatura
27,proc_seleccion_evaluacion
27,gob_seleccion_sucursal
27,proc_seleccion_hora_extra
28,proc_nomina_evaluacion
28,gob_nomina_region
28,proc_clima_contrato
29,proc_clima_hora_extra
29,dash_ausentismo_ingreso
29,dash_capacitacion_indicador
30,dlk_formacion_bono
30,dlk_desempeno_vacante
30,dlk_talento_postulante
30,dlk_qualtrics
31,dash_egresos_postulante
31,dash_egresos_colaborador
31,proc_egresos_region
32,gob_movilidad_convenio
32,gob_movilidad_contrato
32,proc_movilidad_meta
33,dlk_talento_bono
33,dlk_seleccion_ingreso
33,gob_maestro_talento
33,dlk_capacitacion_beca
34,dash_ausentismo_licencia
34,gob_dash_adv_atomico_004_proceso_seleccion_adt
34,dlk_clima_meta
35,gob_niveles_R_sap
35,gob_riesgo_centro_costo
35,dlk_edx
35,gob_riesgo_unidad
36,proc_clima_beca
36,proc_linkedin_learning_path_report
36,proc_riesgo_ingreso
37,dlk_beneficios_ingreso
37,gob_beneficios_unidad
37,proc_beneficios_licencia
38,dash_reportabilidad_evaluacion
38,gob_dash_adv_atomico_010_procesos_vacantes
38,dash_reportabilidad_encuesta
38,proc_reportabilidad_egreso
39,proc_riesgo_indicador
39,dash_riesgo_contrato
39,gob_riesgo_hora_extra
40,proc_nomina_incidencia
40,proc_nomina_convenio
40,gob_feriados_chile
41,dlk_capacitacion_contrato
41,dlk_planta_encuesta
41,dlk_egresos_sucursal
42,gob_ausentismo_brecha
42,dlk_planta_miami_parche
42,gob_ausentismo_beca
43,gob_clima_beca
43,dlk_sap_origen_archivos_csv
43,gob_clima_turno
44,gob_panel_alertas_ssnn
44,proc_info_flex_dash_beneficios
44,proc_planta_posicion
44,dash_formacion
44,dash_beneficios_region
45,proc_talento_competencia
45,dash_talento_turno
45,proc_talento_hora_extra
45,gob_4talent_proceso_seleccion_sap
46,gob_desempeno_curso
46,gob_desempeno_encuesta
46,dlk_health_score
46,proc_beneficios_unidad
47,gob_reportabilidad_contrato
47,gob_reportabilidad_antiguedad
47,dlk_sap_homologo_planta_mini_bb
47,dlk_movilidad_curso
48,dlk_egresos_antiguedad
48,dlk_compensaciones_curso_02
48,dlk_diversidad_egreso
49,gob_riesgo_beca
49,dlk_riesgo_evaluacion
49,gob_riesgo_convenio
50,gob_familia_cargo_sap
50,dash_egresos_beca
50,dash_egresos_brecha
51,dlk_talento_posicion
51,dlk_clima_hora_extra
51,dlk_diversidad_unidad
51,dlk_ausentismo_turno
52,gob_cornerstone_colaboradores_sap
52,gob_talento_ingreso
52,dlk_sap_homologo_academicos_colaborador
53,proc_diversidad_turno
53,proc_ejemplos_operadores_databricks
53,dash_seleccion_posicion
53,proc_smu_clbs_sap
54,dlk_formacion_hora_extra
54,dlk_beneficios_meta
54,dlk_formacion_meta
54,dlk_nomina_antiguedad
55,gob_seleccion_meta
55,gob_seleccion_traslado
55,proc_seleccion_centro_costo
55,dlk_seleccion_jefatura
56,gob_reportabilidad_beca
56,gob_reportabilidad_posicion
56,dlk_reportabilidad_meta
57,proc_linkedin_learning_report
57,proc_planta_evaluacion
57,dash_validador_universal
57,proc_planta_centro_costo
58,dash_formacion_beca
58,proc_formacion_traslado
58,dash_formacion_licencia
58,proc_formacion_contrato
59,gob_4talent_proceso_seleccion_hr_reports_sap
59,gob_diversidad_traslado
59,gob_diversidad_licencia
59,dlk_sap_homologo_planta
59,gob_egresos
60,dlk_diversidad_encuesta
60,dlk_ausentismo_sucursal
60,dlk_ausentismo_jefatura
60,dlk_beneficios_curso
61,gob_formacion_encuesta
61,dash_nomina_region
61,dlk_formacion_centro_costo
61,dlk_planta_cargo
62,dlk_clima_encuesta
62,dlk_talento_turno
62,dlk_talento_centro_costo
62,dlk_capacitacion_licencia
62,dlk_compensaciones_sucursal
