rank,table_name,frequency,as_source,as_target,is_contested
1,dlk_ext_00061,14,14,0,false
2,gob_ext_00126,12,12,0,false
3,gob_ext_00028,11,11,0,false
4,gob_ext_00140,10,10,0,false
5,m4sco_ext_00131,9,9,0,false
6,dlk_ext_00043,9,9,0,false
7,ppn_ext_00030,9,9,0,false
8,dlk_ext_00000,9,9,0,false
9,dlk_ext_00037,9,9,0,false
10,dlk_ext_00046,8,8,0,false
11,dlk_ext_00116,8,8,0,false
12,gob_ext_00013,8,8,0,false
13,proc_tbl_00476,8,8,0,false
14,gob_ext_00133,8,8,0,false
15,dash_ext_00035,8,8,0,false
16,gob_ext_00056,8,8,0,false
17,proc_ext_00055,8,8,0,false
18,dlk_ext_00022,8,8,0,false
19,gob_ext_00075,8,8,0,false
20,proc_ext_00044,8,8,0,false
21,gob_ext_00080,7,7,0,false
22,dlk_tbl_00435,7,6,1,false
23,dlk_ext_00005,7,7,0,false
24,dash_ext_00060,7,7,0,false
25,proc_ext_00139,7,7,0,false
26,dash_ext_00122,7,7,0,false
27,dash_tbl_00089,7,6,1,false
28,dlk_ext_00029,7,7,0,false
29,ppn_ext_00123,7,7,0,false
30,gob_ext_00070,7,7,0,false
31,gob_ext_00038,7,7,0,false
32,dlk_ext_00024,7,7,0,false
33,proc_ext_00108,7,7,0,false
34,dlk_ext_00115,7,7,0,false
35,gob_ext_00048,7,7,0,false
36,proc_ext_00067,7,7,0,false
37,dlk_ext_00088,7,7,0,false
38,gob_ext_00062,6,6,0,false
39,dlk_ext_00063,6,6,0,false
40,dlk_tbl_00780,6,5,1,false
41,proc_tbl_00605,6,5,1,false
42,dlk_ext_00033,6,6,0,false
43,dlk_ext_00065,6,6,0,false
44,proc_ext_00001,6,6,0,false
45,dlk_ext_00054,6,6,0,false
46,gob_ext_00076,6,6,0,false
47,gob_tbl_00609,5,4,1,false
48,ppn_tbl_00713,5,4,1,false
49,gob_ext_00134,5,5,0,false
50,proc_ext_00015,5,5,0,false
51,dlk_tbl_00600,5,4,1,false
52,dlk_ext_00045,5,5,0,false
53,dash_ext_00057,5,5,0,false
54,dash_tbl_00504,5,4,1,false
55,gob_ext_00026,5,5,0,false
56,gob_ext_00064,5,5,0,false
57,proc_ext_00091,5,5,0,false
58,dlk_tbl_00338,5,4,1,false
59,gob_ext_00074,5,5,0,false
60,dlk_ext_00101,5,5,0,false
61,gob_tbl_00341,5,4,1,false
62,dlk_ext_00098,5,5,0,false
63,dlk_tbl_00589,5,4,1,false
64,dlk_tbl_00188,5,4,1,false
65,gob_tbl_00700,5,4,1,false
66,gob_tbl_00890,5,4,1,false
67,gob_tbl_00357,5,4,1,false
68,proc_tbl_00370,5,4,1,false
69,dlk_tbl_00787,5,5,0,false
70,dlk_tbl_00379,4,3,1,false
71,dlk_ext_00051,4,4,0,false
72,gob_tbl_00725,4,3,1,false
73,m4vw_ext_00034,4,4,0,false
74,gob_tbl_00453,4,3,1,false
75,proc_tbl_00613,4,3,1,false
76,gob_tbl_00117,4,3,1,false
77,dlk_tbl_00082,4,3,1,false
78,gob_tbl_00858,4,3,1,false
79,gob_ext_00102,4,4,0,false
80,gob_tbl_00845,4,2,2,true
81,dash_tbl_00067,4,3,1,false
82,gob_tbl_00473,4,4,0,false
83,gob_ext_00016,4,4,0,false
84,dlk_ext_00086,4,4,0,false
85,gob_tbl_00871,4,3,1,false
86,gob_tbl_00768,4,3,1,false
87,gob_tbl_00395,4,3,1,false
88,dlk_tbl_00739,4,3,1,false
89,dlk_tbl_00000,4,3,1,false
90,gob_tbl_00728,4,3,1,false
91,proc_ext_00113,4,4,0,false
92,gob_tbl_00639,4,4,0,false
93,proc_ext_00021,4,4,0,false
94,dash_ext_00084,4,4,0,false
95,dlk_tbl_00586,4,3,1,false
96,gob_tbl_00553,4,3,1,false
97,dlk_tbl_00771,4,3,1,false
98,gob_tbl_00899,4,3,1,false
99,proc_tbl_00884,4,3,1,false
100,dlk_tbl_00822,4,3,1,false
101,gob_ext_00138,4,4,0,false
102,proc_ext_00059,4,4,0,false
103,dlk_ext_00097,4,4,0,false
104,gob_tbl_00192,4,3,1,false
105,gob_ext_00130,4,4,0,false
106,dlk_tbl_00146,4,4,0,false
107,dlk_tbl_00019,4,3,1,false
108,gob_ext_00083,4,4,0,false
109,std_ext_00018,4,4,0,false
110,proc_tbl_00490,4,3,1,false
111,proc_tbl_00509,4,3,1,false
112,gob_tbl_00196,4,3,1,false
113,dash_tbl_00727,3,2,1,false
114,gob_tbl_00438,3,2,1,false
115,proc_tbl_00305,3,2,1,false
116,dlk_tbl_00220,3,2,1,false
117,gob_ext_00052,3,3,0,false
118,dlk_tbl_00916,3,3,0,false
119,m4vw_tbl_00390,3,2,1,false
120,dash_tbl_00482,3,2,1,false
121,dlk_tbl_00634,3,2,1,false
122,gob_tbl_00278,3,2,1,false
123,proc_tbl_00261,3,2,1,false
124,gob_tbl_00065,3,2,1,false
125,gob_tbl_00593,3,2,1,false
126,dlk_tbl_00393,3,3,0,false
127,gob_tbl_00170,3,2,1,false
128,gob_tbl_00404,3,2,1,false
129,gob_tbl_00147,3,3,0,false
130,dlk_tbl_00722,3,3,0,false
131,dlk_tbl_00915,3,3,0,false
132,gob_ext_00069,3,3,0,false
133,dlk_ext_00082,3,3,0,false
134,gob_tbl_00134,3,2,1,false
135,proc_tbl_00319,3,2,1,false
136,proc_tbl_00269,3,2,1,false
137,dlk_tbl_00400,3,2,1,false
138,proc_ext_00025,3,3,0,false
139,gob_tbl_00145,3,2,1,false
140,gob_tbl_00534,3,2,1,false
141,gob_tbl_00457,3,2,1,false
142,proc_tbl_00090,3,3,0,false
143,proc_ext_00073,3,3,0,false
144,dash_ext_00066,3,3,0,false
145,dlk_tbl_00580,3,2,1,false
146,dlk_tbl_00897,3,2,1,false
147,gob_ext_00071,3,3,0,false
148,proc_tbl_00625,3,1,2,true
149,dlk_tbl_00811,3,2,1,false
150,dlk_ext_00040,3,3,0,false
151,proc_ext_00096,3,3,0,false
152,dlk_tbl_00427,3,2,1,false
153,dlk_tbl_00215,3,2,1,false
154,gob_tbl_00408,3,2,1,false
155,proc_tbl_00017,3,2,1,false
156,dlk_tbl_00256,3,2,1,false
157,dlk_tbl_00444,3,2,1,false
158,gob_tbl_00802,3,2,1,false
159,dlk_tbl_00171,3,3,0,false
160,dlk_tbl_00113,3,2,1,false
161,proc_tbl_00887,3,2,1,false
162,gob_ext_00132,3,3,0,false
163,dlk_tbl_00481,3,2,1,false
164,proc_tbl_00714,3,2,1,false
165,dlk_tbl_00604,3,2,1,false
166,gob_tbl_00638,3,3,0,false
167,gob_tbl_00407,3,3,0,false
168,gob_ext_00121,3,3,0,false
169,proc_tbl_00173,3,3,0,false
170,gob_tbl_00489,3,2,1,false
171,gob_tbl_00917,3,3,0,false
172,gob_tbl_00174,3,2,1,false
173,proc_tbl_00326,3,2,1,false
174,dlk_tbl_00670,3,2,1,false
175,dlk_tbl_00006,3,3,0,false
176,gob_tbl_00369,3,2,1,false
177,gob_ext_00107,3,3,0,false
178,gob_tbl_00913,3,2,1,false
179,dash_tbl_00072,3,2,1,false
180,dlk_tbl_00537,3,3,0,false
181,gob_tbl_00491,3,2,1,false
182,gob_tbl_00788,3,3,0,false
183,m4sco_tbl_00422,3,2,1,false
184,gob_tbl_00880,3,2,1,false
185,dlk_tbl_00273,3,2,1,false
186,proc_tbl_00415,3,2,1,false
187,dlk_tbl_00733,3,2,1,false
188,m4sco_tbl_00519,3,2,1,false
189,dlk_tbl_00237,3,2,1,false
190,dlk_tbl_00691,3,3,0,false
191,proc_tbl_00546,3,2,1,false
192,proc_tbl_00926,3,2,1,false
193,m4sco_tbl_00662,3,2,1,false
194,dlk_tbl_00881,3,2,1,false
195,gob_tbl_00178,3,3,0,false
196,proc_ext_00036,3,3,0,false
197,dlk_tbl_00330,3,2,1,false
198,dlk_tbl_00573,3,2,1,false
199,dlk_tbl_00289,3,2,1,false
200,dlk_tbl_00875,3,2,1,false
201,dash_tbl_00618,3,2,1,false
202,gob_tbl_00486,3,3,0,false
203,m4vw_tbl_00906,3,2,1,false
204,gob_tbl_00248,3,3,0,false
205,gob_tbl_00511,3,2,1,false
206,std_ext_00111,3,3,0,false
207,dlk_tbl_00807,3,2,1,false
208,std_ext_00008,3,3,0,false
209,gob_tbl_00155,3,2,1,false
210,proc_tbl_00703,3,3,0,false
211,gob_tbl_00640,3,2,1,false
212,gob_tbl_00371,3,2,1,false
213,gob_ext_00124,3,3,0,false
214,dlk_tbl_00304,2,1,1,false
215,proc_ext_00112,2,2,0,false
216,dlk_tbl_00902,2,1,1,false
217,m4sco_tbl_00241,2,1,1,false
218,dash_tbl_00354,2,2,0,false
219,proc_tbl_00114,2,1,1,false
220,proc_tbl_00020,2,2,0,false
221,dlk_tbl_00187,2,1,1,false
222,gob_tbl_00611,2,1,1,false
223,dlk_ext_00095,2,2,0,false
224,ppn_tbl_00820,2,1,1,false
225,gob_tbl_00716,2,1,1,false
226,ppn_tbl_00247,2,1,1,false
227,proc_tbl_00674,2,2,0,false
228,gob_ext_00020,2,2,0,false
229,gob_tbl_00764,2,1,1,false
230,gob_tbl_00535,2,1,1,false
231,gob_tbl_00124,2,1,1,false
232,proc_tbl_00271,2,2,0,false
233,gob_tbl_00627,2,2,0,false
234,gob_ext_00079,2,2,0,false
235,proc_tbl_00850,2,1,1,false
236,dlk_tbl_00462,2,1,1,false
237,gob_tbl_00778,2,2,0,false
238,gob_tbl_00363,2,1,1,false
239,dlk_tbl_00581,2,2,0,false
240,gob_tbl_00696,2,1,1,false
241,gob_ext_00068,2,2,0,false
242,dash_tbl_00096,2,1,1,false
243,dash_tbl_00650,2,1,1,false
244,dash_tbl_00630,2,1,1,false
245,dlk_tbl_00119,2,2,0,false
246,dlk_tbl_00077,2,1,1,false
247,dlk_ext_00006,2,2,0,false
248,gob_tbl_00647,2,1,1,false
249,gob_tbl_00365,2,1,1,false
250,gob_tbl_00925,2,1,1,false
251,gob_tbl_00185,2,1,1,false
252,dlk_tbl_00760,2,1,1,false
253,gob_tbl_00749,2,2,0,false
254,dash_tbl_00842,2,1,1,false
255,dash_tbl_00449,2,1,1,false
256,gob_tbl_00539,2,2,0,false
257,dlk_tbl_00195,2,1,1,false
258,gob_tbl_00762,2,2,0,false
259,gob_tbl_00190,2,2,0,false
260,dash_tbl_00209,2,2,0,false
261,gob_tbl_00148,2,2,0,false
262,dlk_tbl_00073,2,2,0,false
263,proc_tbl_00496,2,1,1,false
264,dlk_tbl_00681,2,1,1,false
265,gob_tbl_00175,2,1,1,false
266,dash_tbl_00306,2,2,0,false
267,gob_tbl_00339,2,1,1,false
268,gob_tbl_00224,2,2,0,false
269,dlk_tbl_00759,2,1,1,false
270,proc_tbl_00484,2,1,1,false
271,gob_tbl_00701,2,0,2,true
272,proc_tbl_00200,2,1,1,false
273,gob_ext_00125,2,2,0,false
274,dash_tbl_00855,2,1,1,false
275,gob_tbl_00715,2,1,1,false
276,proc_tbl_00793,2,1,1,false
277,dlk_tbl_00137,2,2,0,false
278,gob_tbl_00420,2,1,1,false
279,gob_tbl_00051,2,1,1,false
280,dlk_tbl_00816,2,1,1,false
281,gob_tbl_00797,2,1,1,false
282,gob_ext_00081,2,2,0,false
283,dlk_tbl_00014,2,1,1,false
284,dash_tbl_00294,2,1,1,false
285,dash_ext_00009,2,2,0,false
286,gob_tbl_00655,2,1,1,false
287,gob_tbl_00812,2,1,1,false
288,dlk_tbl_00106,2,1,1,false
289,gob_tbl_00795,2,2,0,false
290,proc_tbl_00468,2,1,1,false
291,gob_tbl_00814,2,2,0,false
292,gob_tbl_00416,2,1,1,false
293,proc_tbl_00879,2,2,0,false
294,dlk_tbl_00669,2,2,0,false
295,gob_tbl_00044,2,1,1,false
296,dlk_tbl_00720,2,2,0,false
297,gob_tbl_00026,2,1,1,false
298,gob_tbl_00623,2,1,1,false
299,gob_tbl_00372,2,1,1,false
300,gob_tbl_00212,2,1,1,false
301,dlk_tbl_00346,2,2,0,false
302,dlk_tbl_00086,2,1,1,false
303,gob_tbl_00157,2,1,1,false
304,gob_ext_00002,2,2,0,false
305,gob_tbl_00225,2,1,1,false
306,gob_tbl_00705,2,1,1,false
307,proc_tbl_00226,2,2,0,false
308,dlk_tbl_00805,2,2,0,false
309,dash_tbl_00071,2,1,1,false
310,dlk_tbl_00738,2,1,1,false
311,proc_tbl_00900,2,1,1,false
312,proc_tbl_00656,2,1,1,false
313,proc_ext_00137,2,2,0,false
314,dlk_tbl_00644,2,1,1,false
315,proc_tbl_00296,2,1,1,false
316,dlk_tbl_00636,2,2,0,false
317,ppn_tbl_00487,2,1,1,false
318,proc_ext_00019,2,2,0,false
319,gob_tbl_00093,2,1,1,false
320,dlk_tbl_00904,2,1,1,false
321,m4vw_tbl_00717,2,1,1,false
322,dash_tbl_00878,2,1,1,false
323,dlk_tbl_00665,2,1,1,false
324,m4sco_tbl_00909,2,1,1,false
325,dash_tbl_00607,2,2,0,false
326,dash_tbl_00443,2,1,1,false
327,dlk_tbl_00523,2,2,0,false
328,dlk_tbl_00233,2,2,0,false
329,gob_tbl_00362,2,1,1,false
330,dlk_tbl_00544,2,1,1,false
331,gob_tbl_00865,2,1,1,false
332,dlk_ext_00120,2,2,0,false
333,dlk_tbl_00651,2,1,1,false
334,proc_tbl_00687,2,1,1,false
335,dash_tbl_00332,2,1,1,false
336,dlk_tbl_00735,2,1,1,false
337,dlk_tbl_00387,2,1,1,false
338,gob_tbl_00320,2,1,1,false
339,proc_tbl_00091,2,2,0,false
340,dash_tbl_00712,2,1,1,false
341,proc_tbl_00686,2,1,1,false
342,gob_tbl_00565,2,1,1,false
343,dlk_tbl_00314,2,1,1,false
344,gob_tbl_00043,2,1,1,false
345,gob_tbl_00550,2,2,0,false
346,dlk_ext_00089,2,2,0,false
347,dlk_tbl_00649,2,1,1,false
348,proc_tbl_00672,2,2,0,false
349,dlk_tbl_00300,2,1,1,false
350,dlk_tbl_00358,2,2,0,false
351,proc_tbl_00290,2,1,1,false
352,proc_ext_00090,2,2,0,false
353,dash_tbl_00375,2,1,1,false
354,dlk_tbl_00698,2,1,1,false
355,dash_tbl_00645,2,2,0,false
356,dlk_tbl_00080,2,1,1,false
357,gob_tbl_00291,2,2,0,false
358,dlk_tbl_00255,2,1,1,false
359,dash_tbl_00629,2,1,1,false
360,gob_tbl_00857,2,1,1,false
361,dlk_tbl_00194,2,1,1,false
362,m4vw_tbl_00632,2,1,1,false
363,dlk_tbl_00064,2,1,1,false
364,proc_tbl_00394,2,1,1,false
365,dlk_tbl_00894,2,1,1,false
366,dlk_tbl_00428,2,1,1,false
367,gob_tbl_00342,2,2,0,false
368,gob_tbl_00785,2,1,1,false
369,dlk_tbl_00268,2,1,1,false
370,dash_tbl_00699,2,1,1,false
371,dlk_tbl_00309,2,1,1,false
372,dlk_tbl_00746,2,1,1,false
373,gob_tbl_00590,2,1,1,false
374,m4sco_tbl_00702,2,2,0,false
375,dlk_tbl_00037,2,1,1,false
376,gob_tbl_00601,2,1,1,false
377,dash_tbl_00867,2,1,1,false
378,proc_tbl_00275,2,1,1,false
379,dlk_tbl_00477,2,2,0,false
380,dash_tbl_00661,2,1,1,false
381,gob_tbl_00197,2,1,1,false
382,gob_tbl_00299,2,1,1,false
383,dlk_tbl_00402,2,1,1,false
384,dash_tbl_00376,2,0,2,true
385,std_tbl_00031,2,1,1,false
386,dlk_ext_00010,2,2,0,false
387,dlk_tbl_00619,2,2,0,false
388,gob_tbl_00684,2,1,1,false
389,proc_tbl_00595,2,2,0,false
390,proc_tbl_00228,2,1,1,false
391,dlk_tbl_00223,2,1,1,false
392,gob_ext_00003,2,2,0,false
393,gob_tbl_00575,2,1,1,false
394,gob_ext_00110,2,2,0,false
395,gob_tbl_00007,2,1,1,false
396,proc_tbl_00895,2,1,1,false
397,proc_tbl_00531,2,1,1,false
398,dlk_tbl_00689,2,1,1,false
399,proc_tbl_00052,2,1,1,false
400,gob_tbl_00846,2,1,1,false
401,gob_tbl_00910,2,1,1,false
402,dash_tbl_00013,2,2,0,false
403,dlk_tbl_00149,2,2,0,false
404,gob_tbl_00317,2,1,1,false
405,dlk_tbl_00133,2,1,1,false
406,dash_tbl_00596,2,1,1,false
407,gob_tbl_00355,2,1,1,false
408,dlk_tbl_00827,2,1,1,false
409,dlk_tbl_00250,2,1,1,false
410,ppn_tbl_00688,2,1,1,false
411,gob_tbl_00003,2,1,1,false
412,dlk_tbl_00455,2,1,1,false
413,dlk_tbl_00153,2,1,1,false
414,gob_tbl_00167,2,2,0,false
415,dlk_ext_00072,2,2,0,false
416,dash_tbl_00493,2,1,1,false
417,gob_tbl_00307,2,1,1,false
418,dlk_tbl_00232,2,2,0,false
419,gob_tbl_00327,2,1,1,false
420,gob_tbl_00682,2,2,0,false
421,gob_tbl_00832,2,2,0,false
422,dlk_tbl_00695,2,1,1,false
423,dlk_tbl_00578,2,1,1,false
424,gob_tbl_00789,2,1,1,false
425,gob_tbl_00258,1,0,1,false
426,gob_tbl_00243,1,0,1,false
427,gob_tbl_00843,1,1,0,false
428,m4sco_tbl_00587,1,0,1,false
429,dlk_ext_00117,1,1,0,false
430,gob_tbl_00386,1,0,1,false
431,m4vw_tbl_00207,1,1,0,false
432,gob_tbl_00360,1,0,1,false
433,dlk_tbl_00168,1,1,0,false
434,dlk_tbl_00828,1,0,1,false
435,proc_tbl_00779,1,0,1,false
436,gob_ext_00119,1,1,0,false
437,gob_tbl_00685,1,0,1,false
438,std_tbl_00109,1,0,1,false
439,dash_tbl_00204,1,0,1,false
440,dlk_tbl_00002,1,1,0,false
441,gob_tbl_00666,1,0,1,false
442,std_ext_00099,1,1,0,false
443,dlk_tbl_00079,1,0,1,false
444,dash_tbl_00522,1,1,0,false
445,gob_tbl_00280,1,0,1,false
446,gob_tbl_00202,1,0,1,false
447,dash_tbl_00046,1,1,0,false
448,dlk_tbl_00775,1,0,1,false
449,dlk_tbl_00163,1,0,1,false
450,gob_tbl_00859,1,0,1,false
451,dlk_tbl_00641,1,1,0,false
452,dlk_tbl_00274,1,0,1,false
453,dlk_tbl_00186,1,1,0,false
454,dash_tbl_00548,1,0,1,false
455,gob_tbl_00721,1,0,1,false
456,gob_tbl_00034,1,0,1,false
457,dlk_tbl_00059,1,0,1,false
458,proc_tbl_00105,1,1,0,false
459,gob_tbl_00012,1,0,1,false
460,gob_tbl_00413,1,1,0,false
461,dlk_tbl_00558,1,0,1,false
462,dlk_ext_00042,1,1,0,false
463,dash_tbl_00315,1,1,0,false
464,dlk_tbl_00572,1,0,1,false
465,dlk_tbl_00784,1,1,0,false
466,gob_tbl_00922,1,0,1,false
467,dlk_tbl_00383,1,0,1,false
468,proc_tbl_00183,1,0,1,false
469,gob_ext_00093,1,1,0,false
470,proc_tbl_00507,1,0,1,false
471,gob_tbl_00924,1,0,1,false
472,dlk_tbl_00520,1,0,1,false
473,dlk_tbl_00057,1,1,0,false
474,gob_tbl_00460,1,0,1,false
475,std_tbl_00582,1,0,1,false
476,gob_tbl_00097,1,1,0,false
477,gob_tbl_00257,1,1,0,false
478,dlk_tbl_00159,1,1,0,false
479,gob_tbl_00831,1,0,1,false
480,gob_tbl_00252,1,0,1,false
481,gob_tbl_00726,1,0,1,false
482,m4sco_tbl_00708,1,1,0,false
483,dash_tbl_00308,1,0,1,false
484,gob_tbl_00912,1,0,1,false
485,dash_tbl_00612,1,0,1,false
486,proc_tbl_00279,1,0,1,false
487,proc_tbl_00060,1,0,1,false
488,dlk_tbl_00210,1,0,1,false
489,dlk_tbl_00272,1,0,1,false
490,gob_tbl_00401,1,1,0,false
491,dlk_tbl_00302,1,0,1,false
492,proc_tbl_00538,1,0,1,false
493,proc_tbl_00219,1,1,0,false
494,dlk_tbl_00901,1,0,1,false
495,gob_tbl_00142,1,0,1,false
496,dlk_tbl_00663,1,0,1,false
497,gob_tbl_00664,1,0,1,false
498,gob_tbl_00239,1,0,1,false
499,gob_tbl_00742,1,0,1,false
500,gob_tbl_00628,1,1,0,false
501,dlk_tbl_00331,1,1,0,false
502,gob_tbl_00806,1,0,1,false
503,dlk_tbl_00823,1,0,1,false
504,dlk_tbl_00736,1,0,1,false
505,dlk_tbl_00622,1,0,1,false
506,gob_tbl_00571,1,0,1,false
507,dlk_tbl_00436,1,1,0,false
508,dlk_tbl_00654,1,0,1,false
509,m4sco_tbl_00442,1,0,1,false
510,proc_tbl_00694,1,0,1,false
511,dlk_tbl_00100,1,0,1,false
512,gob_tbl_00540,1,0,1,false
513,gob_tbl_00676,1,0,1,false
514,gob_tbl_00189,1,1,0,false
515,dlk_tbl_00497,1,0,1,false
516,proc_tbl_00862,1,0,1,false
517,proc_tbl_00158,1,0,1,false
518,dlk_tbl_00143,1,0,1,false
519,gob_tbl_00459,1,1,0,false
520,proc_tbl_00021,1,1,0,false
521,dlk_tbl_00886,1,0,1,false
522,gob_tbl_00322,1,0,1,false
523,proc_tbl_00009,1,0,1,false
524,dlk_tbl_00266,1,0,1,false
525,dlk_tbl_00405,1,1,0,false
526,dlk_tbl_00557,1,0,1,false
527,gob_tbl_00384,1,1,0,false
528,gob_tbl_00752,1,0,1,false
529,dash_tbl_00111,1,0,1,false
530,ppn_tbl_00135,1,0,1,false
531,dlk_tbl_00262,1,0,1,false
532,dlk_tbl_00790,1,0,1,false
533,gob_tbl_00751,1,1,0,false
534,dlk_tbl_00561,1,0,1,false
535,dash_tbl_00877,1,0,1,false
536,gob_tbl_00199,1,1,0,false
537,proc_tbl_00092,1,0,1,false
538,dlk_tbl_00737,1,0,1,false
539,m4sco_tbl_00343,1,0,1,false
540,gob_tbl_00472,1,0,1,false
541,dlk_tbl_00921,1,0,1,false
542,dlk_tbl_00235,1,0,1,false
543,dlk_tbl_00786,1,0,1,false
544,proc_tbl_00328,1,0,1,false
545,dlk_tbl_00038,1,0,1,false
546,gob_tbl_00152,1,0,1,false
547,dlk_tbl_00227,1,0,1,false
548,dlk_tbl_00792,1,0,1,false
549,dlk_tbl_00388,1,0,1,false
550,std_tbl_00885,1,0,1,false
551,dlk_tbl_00673,1,1,0,false
552,gob_tbl_00903,1,0,1,false
553,gob_tbl_00310,1,0,1,false
554,gob_tbl_00128,1,0,1,false
555,ppn_tbl_00230,1,0,1,false
556,proc_tbl_00151,1,0,1,false
557,dlk_tbl_00471,1,1,0,false
558,gob_tbl_00659,1,0,1,false
559,m4sco_tbl_00350,1,0,1,false
560,std_tbl_00512,1,0,1,false
561,gob_tbl_00424,1,1,0,false
562,dlk_tbl_00277,1,0,1,false
563,std_tbl_00433,1,0,1,false
564,std_tbl_00063,1,0,1,false
565,dlk_tbl_00001,1,0,1,false
566,dlk_tbl_00541,1,1,0,false
567,proc_tbl_00911,1,0,1,false
568,gob_tbl_00905,1,1,0,false
569,dlk_tbl_00767,1,1,0,false
570,dash_tbl_00022,1,1,0,false
571,gob_tbl_00029,1,0,1,false
572,proc_tbl_00359,1,1,0,false
573,dash_tbl_00923,1,0,1,false
574,dlk_ext_00087,1,1,0,false
575,gob_tbl_00658,1,0,1,false
576,proc_tbl_00840,1,0,1,false
577,gob_tbl_00588,1,0,1,false
578,dlk_tbl_00229,1,0,1,false
579,dlk_tbl_00049,1,0,1,false
580,gob_tbl_00323,1,0,1,false
581,dlk_tbl_00719,1,0,1,false
582,dlk_tbl_00577,1,1,0,false
583,proc_tbl_00458,1,0,1,false
584,gob_tbl_00008,1,1,0,false
585,dlk_tbl_00094,1,0,1,false
586,gob_tbl_00765,1,0,1,false
587,dash_tbl_00141,1,0,1,false
588,gob_tbl_00569,1,0,1,false
589,gob_tbl_00070,1,1,0,false
590,proc_tbl_00144,1,0,1,false
591,std_tbl_00081,1,0,1,false
592,dlk_tbl_00567,1,0,1,false
593,dlk_tbl_00833,1,0,1,false
594,proc_tbl_00836,1,1,0,false
595,gob_tbl_00896,1,0,1,false
596,proc_tbl_00648,1,0,1,false
597,dlk_tbl_00381,1,0,1,false
598,dlk_tbl_00803,1,0,1,false
599,dlk_tbl_00861,1,0,1,false
600,proc_tbl_00125,1,0,1,false
601,gob_tbl_00616,1,1,0,false
602,dlk_tbl_00162,1,0,1,false
603,gob_tbl_00058,1,0,1,false
604,dlk_tbl_00856,1,1,0,false
605,gob_tbl_00860,1,0,1,false
606,proc_tbl_00506,1,1,0,false
607,gob_tbl_00265,1,0,1,false
608,gob_tbl_00798,1,0,1,false
609,dlk_tbl_00240,1,0,1,false
610,dlk_tbl_00510,1,0,1,false
611,dlk_tbl_00040,1,0,1,false
612,std_tbl_00351,1,0,1,false
613,m4vw_ext_00004,1,1,0,false
614,dlk_tbl_00549,1,0,1,false
615,dlk_tbl_00564,1,0,1,false
616,gob_tbl_00782,1,0,1,false
617,dlk_tbl_00866,1,0,1,false
618,dlk_tbl_00732,1,0,1,false
619,dash_tbl_00297,1,0,1,false
620,gob_ext_00092,1,1,0,false
621,dlk_tbl_00794,1,0,1,false
622,gob_tbl_00414,1,0,1,false
623,proc_tbl_00566,1,0,1,false
624,proc_tbl_00554,1,0,1,false
625,gob_tbl_00132,1,1,0,false
626,dlk_tbl_00126,1,1,0,false
627,dlk_tbl_00293,1,0,1,false
628,m4vw_tbl_00122,1,1,0,false
629,proc_tbl_00556,1,0,1,false
630,dlk_tbl_00450,1,0,1,false
631,dlk_tbl_00683,1,0,1,false
632,proc_tbl_00599,1,1,0,false
633,gob_tbl_00615,1,0,1,false
634,proc_tbl_00533,1,1,0,false
635,gob_tbl_00761,1,1,0,false
636,gob_tbl_00614,1,0,1,false
637,dlk_tbl_00172,1,0,1,false
638,gob_tbl_00819,1,1,0,false
639,dlk_tbl_00646,1,0,1,false
640,dlk_tbl_00678,1,0,1,false
641,dlk_ext_00078,1,1,0,false
642,gob_tbl_00741,1,0,1,false
643,dlk_tbl_00432,1,1,0,false
644,dlk_tbl_00345,1,0,1,false
645,dlk_tbl_00818,1,1,0,false
646,dlk_tbl_00740,1,0,1,false
647,m4vw_tbl_00391,1,1,0,false
648,gob_tbl_00729,1,0,1,false
649,gob_tbl_00718,1,0,1,false
650,dlk_tbl_00181,1,0,1,false
651,gob_tbl_00576,1,0,1,false
652,gob_tbl_00668,1,0,1,false
653,proc_tbl_00610,1,1,0,false
654,gob_tbl_00528,1,1,0,false
655,proc_tbl_00166,1,0,1,false
656,dlk_tbl_00563,1,0,1,false
657,gob_tbl_00815,1,0,1,false
658,std_tbl_00446,1,0,1,false
659,dash_ext_00041,1,1,0,false
660,dlk_tbl_00182,1,0,1,false
661,proc_tbl_00337,1,0,1,false
662,dlk_ext_00085,1,1,0,false
663,gob_tbl_00543,1,1,0,false
664,gob_tbl_00711,1,0,1,false
665,proc_tbl_00838,1,0,1,false
666,gob_tbl_00041,1,1,0,false
667,dlk_tbl_00324,1,1,0,false
668,dlk_tbl_00334,1,0,1,false
669,gob_tbl_00488,1,0,1,false
670,gob_tbl_00536,1,0,1,false
671,dlk_tbl_00907,1,0,1,false
672,std_tbl_00312,1,1,0,false
673,proc_tbl_00011,1,0,1,false
674,proc_tbl_00608,1,0,1,false
675,gob_tbl_00016,1,0,1,false
676,gob_tbl_00160,1,1,0,false
677,gob_tbl_00377,1,0,1,false
678,proc_tbl_00389,1,0,1,false
679,dlk_tbl_00502,1,1,0,false
680,gob_tbl_00425,1,1,0,false
681,dlk_tbl_00892,1,1,0,false
682,gob_tbl_00382,1,0,1,false
683,m4sco_tbl_00318,1,1,0,false
684,gob_tbl_00165,1,0,1,false
685,gob_tbl_00467,1,0,1,false
686,gob_tbl_00205,1,0,1,false
687,dash_tbl_00466,1,0,1,false
688,proc_tbl_00417,1,0,1,false
689,gob_tbl_00680,1,1,0,false
690,std_tbl_00129,1,0,1,false
691,dash_tbl_00254,1,0,1,false
692,gob_tbl_00156,1,0,1,false
693,proc_tbl_00284,1,0,1,false
694,dlk_tbl_00637,1,0,1,false
695,proc_tbl_00526,1,0,1,false
696,dlk_tbl_00620,1,1,0,false
697,gob_tbl_00027,1,0,1,false
698,gob_tbl_00498,1,0,1,false
699,gob_tbl_00516,1,0,1,false
700,dlk_tbl_00774,1,0,1,false
701,proc_tbl_00757,1,1,0,false
702,dlk_tbl_00763,1,0,1,false
703,gob_tbl_00633,1,1,0,false
704,gob_tbl_00872,1,0,1,false
705,gob_tbl_00286,1,0,1,false
706,dlk_tbl_00517,1,1,0,false
707,gob_tbl_00492,1,0,1,false
708,dlk_tbl_00161,1,0,1,false
709,dlk_tbl_00068,1,1,0,false
710,dlk_tbl_00191,1,0,1,false
711,dlk_tbl_00039,1,0,1,false
712,dlk_tbl_00203,1,0,1,false
713,dlk_tbl_00470,1,0,1,false
714,proc_tbl_00130,1,0,1,false
715,dash_tbl_00061,1,0,1,false
716,m4sco_tbl_00809,1,0,1,false
717,gob_tbl_00908,1,0,1,false
718,dlk_tbl_00883,1,0,1,false
719,std_tbl_00452,1,0,1,false
720,dlk_tbl_00251,1,0,1,false
721,gob_ext_00100,1,1,0,false
722,gob_tbl_00848,1,1,0,false
723,dlk_tbl_00164,1,0,1,false
724,dlk_tbl_00744,1,0,1,false
725,std_tbl_00697,1,0,1,false
726,gob_tbl_00754,1,0,1,false
727,gob_tbl_00095,1,0,1,false
728,proc_tbl_00454,1,0,1,false
729,proc_tbl_00099,1,1,0,false
730,gob_tbl_00643,1,0,1,false
731,gob_tbl_00660,1,0,1,false
732,dlk_tbl_00617,1,0,1,false
733,dash_tbl_00876,1,1,0,false
734,dlk_tbl_00927,1,0,1,false
735,dlk_tbl_00710,1,0,1,false
736,gob_tbl_00347,1,0,1,false
737,dlk_tbl_00150,1,1,0,false
738,gob_tbl_00753,1,0,1,false
739,dlk_tbl_00042,1,0,1,false
740,dlk_tbl_00245,1,0,1,false
741,dlk_tbl_00069,1,0,1,false
742,gob_tbl_00127,1,0,1,false
743,proc_ext_00049,1,1,0,false
744,gob_tbl_00216,1,0,1,false
745,gob_tbl_00336,1,0,1,false
746,dlk_tbl_00772,1,1,0,false
747,gob_tbl_00485,1,0,1,false
748,proc_ext_00077,1,1,0,false
749,proc_tbl_00366,1,0,1,false
750,gob_tbl_00813,1,0,1,false
751,proc_ext_00128,1,1,0,false
752,dlk_tbl_00419,1,1,0,false
753,dash_tbl_00592,1,0,1,false
754,gob_tbl_00734,1,1,0,false
755,dlk_tbl_00316,1,1,0,false
756,dash_tbl_00603,1,0,1,false
757,proc_tbl_00499,1,0,1,false
758,dlk_tbl_00217,1,0,1,false
759,proc_tbl_00766,1,1,0,false
760,gob_tbl_00451,1,1,0,false
761,proc_tbl_00035,1,0,1,false
762,gob_tbl_00919,1,0,1,false
763,dlk_tbl_00626,1,0,1,false
764,gob_tbl_00893,1,0,1,false
765,dlk_tbl_00285,1,1,0,false
766,dlk_tbl_00542,1,0,1,false
767,gob_tbl_00325,1,1,0,false
768,gob_tbl_00606,1,0,1,false
769,dlk_tbl_00679,1,1,0,false
770,gob_tbl_00103,1,0,1,false
771,std_tbl_00839,1,1,0,false
772,dlk_ext_00127,1,1,0,false
773,proc_tbl_00503,1,0,1,false
774,gob_tbl_00796,1,0,1,false
775,gob_ext_00129,1,1,0,false
776,std_tbl_00853,1,0,1,false
777,gob_tbl_00180,1,0,1,false
778,gob_tbl_00642,1,1,0,false
779,gob_tbl_00246,1,1,0,false
780,dash_tbl_00238,1,0,1,false
781,dlk_tbl_00513,1,0,1,false
782,gob_tbl_00033,1,0,1,false
783,dash_tbl_00864,1,0,1,false
784,proc_tbl_00004,1,0,1,false
785,m4sco_tbl_00799,1,0,1,false
786,std_tbl_00667,1,0,1,false
787,gob_tbl_00868,1,0,1,false
788,proc_tbl_00367,1,0,1,false
789,proc_tbl_00253,1,0,1,false
790,m4sco_tbl_00568,1,1,0,false
791,proc_tbl_00825,1,0,1,false
792,proc_tbl_00030,1,0,1,false
793,gob_tbl_00521,1,0,1,false
794,m4vw_tbl_00707,1,0,1,false
795,proc_tbl_00829,1,0,1,false
796,gob_tbl_00104,1,0,1,false
797,proc_tbl_00583,1,0,1,false
798,gob_tbl_00206,1,0,1,false
799,gob_tbl_00028,1,0,1,false
800,dlk_tbl_00434,1,0,1,false
801,proc_tbl_00222,1,0,1,false
802,gob_tbl_00724,1,0,1,false
803,dlk_tbl_00313,1,0,1,false
804,dlk_ext_00027,1,1,0,false
805,proc_tbl_00410,1,0,1,false
806,gob_tbl_00852,1,0,1,false
807,dlk_tbl_00076,1,0,1,false
808,proc_tbl_00518,1,1,0,false
809,dlk_tbl_00873,1,0,1,false
810,m4vw_tbl_00469,1,0,1,false
811,gob_tbl_00677,1,1,0,false
812,proc_tbl_00530,1,1,0,false
813,m4vw_tbl_00050,1,0,1,false
814,proc_ext_00114,1,1,0,false
815,gob_tbl_00380,1,0,1,false
816,dlk_tbl_00671,1,0,1,false
817,dlk_tbl_00445,1,0,1,false
818,dlk_tbl_00854,1,0,1,false
819,proc_tbl_00295,1,0,1,false
820,gob_tbl_00448,1,0,1,false
821,ppn_ext_00135,1,1,0,false
822,gob_tbl_00748,1,0,1,false
823,dlk_tbl_00821,1,0,1,false
824,gob_tbl_00898,1,1,0,false
825,gob_tbl_00214,1,0,1,false
826,dlk_tbl_00087,1,0,1,false
827,gob_tbl_00801,1,0,1,false
828,gob_tbl_00154,1,0,1,false
829,dlk_tbl_00723,1,0,1,false
830,dlk_tbl_00221,1,1,0,false
831,dlk_tbl_00263,1,1,0,false
832,dash_tbl_00918,1,0,1,false
833,gob_tbl_00138,1,0,1,false
834,gob_tbl_00652,1,0,1,false
835,gob_tbl_00301,1,0,1,false
836,dlk_tbl_00776,1,0,1,false
