DAG;NumTablasAlimenta;TablasAlimenta;NumTablasAlimentan;TablasAlimentan
dlk_proceso_0000;3;dlk_tbl_00811,proc_tbl_00857,proc_tbl_00605;9;proc_tbl_00603,dlk_tbl_00481,dlk_tbl_00452,gob_tbl_00601,dlk_tbl_00224,dash_ext_00054,dlk_ext_00065,gob_ext_00042,gob_ext_00026
proc_proceso_0001;3;std_tbl_00732,dash_tbl_00135,dlk_tbl_00575;17;dlk_tbl_00047,dlk_tbl_00325,gob_tbl_00427,gob_tbl_00669,m4vw_tbl_00764,gob_tbl_00136,dlk_tbl_00495,gob_tbl_00114,dlk_tbl_00085,gob_tbl_00387,dlk_ext_00076,gob_ext_00016,proc_ext_00051,dlk_ext_00125,gob_ext_00040,dlk_ext_00119,gob_ext_00073
gob_proceso_0002;4;dlk_tbl_00018,gob_tbl_00149,dlk_tbl_00071,gob_tbl_00435;13;std_tbl_00732,gob_tbl_00440,gob_tbl_00115,gob_tbl_00162,dlk_tbl_00446,gob_tbl_00043,proc_tbl_00762,dlk_ext_00088,gob_ext_00068,dlk_ext_00125,proc_ext_00056,proc_ext_00116,proc_ext_00029
dash_proceso_0003;5;proc_tbl_00619,dlk_tbl_00034,dlk_tbl_00236,dlk_tbl_00933,gob_tbl_00406;8;gob_tbl_00557,gob_tbl_00378,dlk_tbl_00060,gob_tbl_00472,gob_tbl_00823,dash_ext_00054,gob_ext_00073,dlk_ext_00060
gob_proceso_0004;9;dlk_tbl_00715,gob_tbl_00749,gob_tbl_00445,dlk_tbl_00123,gob_tbl_00536,gob_tbl_00798,dlk_tbl_00084,gob_tbl_00743,m4vw_tbl_00868;14;gob_tbl_00863,dlk_tbl_00147,m4sco_tbl_00342,dlk_tbl_00189,gob_tbl_00165,gob_tbl_00162,proc_tbl_00818,dlk_tbl_00551,proc_ext_00046,gob_ext_00121,proc_ext_00051,gob_ext_00107,gob_ext_00014,dlk_ext_00057
dlk_proceso_0005;7;dlk_tbl_00099,dash_tbl_00661,gob_tbl_00775,gob_tbl_00821,dlk_tbl_00731,dlk_tbl_00479,dlk_tbl_00065;9;gob_tbl_00658,dlk_tbl_00441,dlk_tbl_00861,dlk_tbl_00585,dlk_tbl_00015,std_ext_00097,dlk_ext_00006,gob_ext_00090,gob_ext_00083
gob_proceso_0006;5;gob_tbl_00210,dash_tbl_00897,dlk_tbl_00066,dlk_tbl_00156,std_tbl_00620;17;proc_tbl_00681,dlk_tbl_00411,dlk_tbl_00482,proc_tbl_00361,dlk_tbl_00862,gob_tbl_00246,gob_tbl_00387,gob_tbl_00531,proc_tbl_00704,gob_tbl_00328,gob_ext_00123,dlk_ext_00088,std_ext_00097,dash_ext_00091,proc_ext_00051,gob_ext_00110,dash_ext_00044
proc_proceso_0007;3;dlk_tbl_00073,m4sco_tbl_00354,gob_tbl_00537;12;dlk_tbl_00030,dlk_tbl_00091,m4vw_tbl_00764,std_tbl_00844,dlk_tbl_00663,dash_tbl_00629,gob_tbl_00651,gob_ext_00090,gob_ext_00058,dlk_ext_00125,dlk_ext_00088,dlk_ext_00057
dlk_proceso_0008;6;proc_tbl_00818,gob_tbl_00239,gob_tbl_00440,dash_tbl_00609,gob_tbl_00848,gob_tbl_00401;9;proc_tbl_00290,std_tbl_00732,gob_tbl_00253,std_tbl_00248,dlk_tbl_00012,dlk_ext_00000,dlk_ext_00053,dash_ext_00120,dash_ext_00100
dlk_proceso_0009;4;dlk_tbl_00000,dlk_tbl_00280,proc_tbl_00335,m4sco_tbl_00691;3;gob_tbl_00567,gob_tbl_00287,proc_ext_00115
dash_proceso_0010;8;dlk_tbl_00012,proc_tbl_00198,dash_tbl_00535,dlk_tbl_00033,gob_tbl_00539,gob_tbl_00254,gob_tbl_00885,gob_tbl_00317;23;gob_tbl_00136,gob_tbl_00315,gob_tbl_00918,gob_tbl_00654,dlk_tbl_00860,m4sco_tbl_00891,dlk_tbl_00414,dash_tbl_00784,gob_tbl_00780,dlk_tbl_00411,dlk_tbl_00907,gob_tbl_00231,std_tbl_00070,dlk_ext_00060,gob_ext_00061,dash_ext_00035,gob_ext_00126,proc_ext_00128,std_ext_00097,gob_ext_00037,dlk_ext_00125,dlk_ext_00089,gob_ext_00073
gob_proceso_0011;9;gob_tbl_00339,proc_tbl_00940,dlk_tbl_00707,dlk_tbl_00761,gob_tbl_00329,proc_tbl_00353,dlk_tbl_00035,proc_tbl_00492,dlk_tbl_00827;14;gob_tbl_00720,proc_tbl_00816,gob_tbl_00429,dash_tbl_00240,gob_tbl_00537,proc_tbl_00334,dash_tbl_00796,gob_tbl_00880,proc_ext_00115,dlk_ext_00065,dash_ext_00035,proc_ext_00056,gob_ext_00126,gob_ext_00012
dlk_proceso_0012;5;dlk_tbl_00178,gob_tbl_00143,gob_tbl_00152,std_tbl_00425,gob_tbl_00105;8;dlk_tbl_00565,gob_tbl_00519,m4sco_tbl_00354,gob_tbl_00427,gob_tbl_00676,dlk_ext_00005,dlk_ext_00127,proc_ext_00051
dlk_proceso_0013;4;dlk_tbl_00446,proc_tbl_00116,m4sco_tbl_00802,dash_tbl_00449;10;dlk_tbl_00012,gob_tbl_00049,std_tbl_00252,proc_tbl_00940,gob_tbl_00859,proc_tbl_00318,dlk_ext_00011,gob_ext_00018,gob_ext_00061,dlk_ext_00060
gob_proceso_0014;7;dlk_tbl_00141,gob_tbl_00631,dlk_tbl_00093,dlk_tbl_00538,gob_tbl_00458,gob_tbl_00275,proc_tbl_00182;9;proc_tbl_00685,gob_tbl_00149,dash_tbl_00067,proc_tbl_00081,gob_tbl_00511,gob_ext_00040,gob_ext_00049,gob_ext_00061,dlk_ext_00022
dlk_proceso_0015;3;gob_tbl_00912,dlk_tbl_00325,dlk_tbl_00214;9;dlk_tbl_00759,dlk_tbl_00089,proc_tbl_00583,gob_tbl_00557,gob_tbl_00781,gob_ext_00121,dlk_ext_00025,gob_ext_00031,gob_ext_00111
dlk_proceso_0016;5;dlk_tbl_00204,dlk_tbl_00656,proc_tbl_00019,dlk_tbl_00680,gob_tbl_00721;12;dlk_tbl_00235,gob_tbl_00387,gob_tbl_00919,dlk_tbl_00815,gob_tbl_00489,proc_tbl_00063,proc_tbl_00812,dlk_ext_00125,dlk_ext_00119,dlk_ext_00065,proc_ext_00093,proc_ext_00056
dlk_proceso_0017;4;dlk_tbl_00773,gob_tbl_00569,gob_tbl_00087,gob_tbl_00804;8;gob_tbl_00668,dlk_tbl_00036,gob_tbl_00220,gob_tbl_00881,dlk_tbl_00507,gob_ext_00026,gob_ext_00123,proc_ext_00112
dlk_proceso_0018;3;proc_tbl_00906,ppn_tbl_00936,dlk_tbl_00015;5;ppn_tbl_00838,dlk_tbl_00230,gob_tbl_00377,gob_ext_00027,dlk_ext_00043
dlk_proceso_0019;5;dlk_tbl_00888,gob_tbl_00606,ppn_tbl_00415,gob_tbl_00232,dash_tbl_00573;13;std_tbl_00252,dlk_tbl_00209,proc_tbl_00713,gob_tbl_00120,gob_tbl_00431,proc_tbl_00605,gob_tbl_00542,gob_ext_00023,dlk_ext_00055,proc_ext_00093,dlk_ext_00025,gob_ext_00114,dash_ext_00081
dlk_proceso_0020;7;dlk_tbl_00372,dlk_tbl_00207,ppn_tbl_00937,dash_tbl_00279,dlk_tbl_00860,gob_tbl_00803,gob_tbl_00310;9;gob_tbl_00729,std_tbl_00620,dlk_tbl_00052,dlk_tbl_00008,proc_tbl_00639,proc_ext_00103,gob_ext_00027,dlk_ext_00065,gob_ext_00017
proc_proceso_0021;3;gob_tbl_00695,proc_tbl_00593,dlk_tbl_00122;13;dlk_tbl_00862,gob_tbl_00054,dash_tbl_00306,gob_tbl_00921,gob_tbl_00458,dlk_tbl_00932,dlk_tbl_00034,gob_ext_00075,gob_ext_00047,gob_ext_00018,dash_ext_00054,gob_ext_00048,proc_ext_00128
dlk_proceso_0022;4;dlk_tbl_00491,gob_tbl_00472,gob_tbl_00614,dlk_tbl_00320;10;dlk_tbl_00296,gob_tbl_00395,dlk_tbl_00174,dlk_tbl_00047,proc_tbl_00126,gob_tbl_00852,gob_ext_00073,dash_ext_00044,dlk_ext_00011,proc_ext_00103
gob_proceso_0023;4;gob_tbl_00822,gob_tbl_00253,gob_tbl_00300,dlk_tbl_00283;6;dlk_tbl_00900,std_tbl_00059,dash_tbl_00629,gob_ext_00068,dlk_ext_00013,dash_ext_00077
dlk_proceso_0024;4;gob_tbl_00276,dlk_tbl_00386,dlk_tbl_00726,proc_tbl_00285;11;gob_tbl_00157,gob_tbl_00528,dash_tbl_00183,gob_tbl_00395,dlk_tbl_00811,dash_tbl_00784,proc_ext_00104,dash_ext_00091,dlk_ext_00094,dlk_ext_00125,dlk_ext_00060
gob_proceso_0025;4;dash_tbl_00825,std_tbl_00044,gob_tbl_00658,gob_tbl_00391;12;dlk_tbl_00034,gob_tbl_00161,dlk_tbl_00421,std_tbl_00496,gob_tbl_00822,gob_tbl_00846,gob_tbl_00924,gob_ext_00068,dlk_ext_00000,dlk_ext_00055,dash_ext_00077,proc_ext_00041
dlk_proceso_0026;5;gob_tbl_00607,dlk_tbl_00501,dlk_tbl_00829,gob_tbl_00287,proc_tbl_00754;8;dlk_tbl_00000,proc_tbl_00892,dlk_tbl_00238,dash_tbl_00256,dlk_tbl_00325,proc_ext_00115,dash_ext_00100,dlk_ext_00007
dash_proceso_0027;6;gob_tbl_00703,dlk_tbl_00657,proc_tbl_00488,gob_tbl_00444,dlk_tbl_00085,gob_tbl_00273;10;dlk_tbl_00341,dlk_tbl_00739,gob_tbl_00521,dlk_tbl_00280,gob_tbl_00835,gob_tbl_00592,gob_ext_00027,dlk_ext_00011,proc_ext_00029,dlk_ext_00025
dash_proceso_0028;3;proc_tbl_00709,gob_tbl_00140,dlk_tbl_00268;8;dlk_tbl_00133,dash_tbl_00517,dlk_tbl_00807,ppn_tbl_00641,gob_tbl_00557,proc_ext_00128,dlk_ext_00059,gob_ext_00126
dlk_proceso_0029;6;proc_tbl_00769,gob_tbl_00632,gob_tbl_00846,proc_tbl_00199,gob_tbl_00028,gob_tbl_00584;16;gob_tbl_00205,gob_tbl_00391,proc_tbl_00808,gob_tbl_00287,proc_tbl_00608,gob_tbl_00513,gob_tbl_00136,dlk_tbl_00367,proc_tbl_00290,proc_ext_00115,gob_ext_00015,dlk_ext_00060,dash_ext_00003,gob_ext_00018,dlk_ext_00125,gob_ext_00073
dlk_proceso_0030;6;gob_tbl_00430,proc_tbl_00878,dlk_tbl_00552,proc_tbl_00688,dash_tbl_00485,dlk_tbl_00069;15;proc_tbl_00397,dlk_tbl_00908,proc_tbl_00385,dlk_tbl_00100,dlk_tbl_00643,dlk_tbl_00174,dlk_tbl_00296,m4vw_tbl_00124,dlk_tbl_00368,std_ext_00079,dlk_ext_00005,proc_ext_00116,gob_ext_00107,dash_ext_00035,gob_ext_00068
gob_proceso_0031;2;gob_tbl_00904,gob_tbl_00412;4;dlk_tbl_00741,proc_tbl_00318,proc_ext_00087,gob_ext_00092
dlk_proceso_0032;4;proc_tbl_00926,dlk_tbl_00393,gob_tbl_00934,dlk_tbl_00814;9;gob_tbl_00267,dash_tbl_00723,std_tbl_00817,dlk_tbl_00860,gob_tbl_00774,dlk_ext_00052,gob_ext_00098,dash_ext_00077,proc_ext_00115
gob_proceso_0033;2;proc_tbl_00318,dash_tbl_00227;6;dlk_tbl_00933,gob_tbl_00542,m4sco_tbl_00691,proc_ext_00041,gob_ext_00090,proc_ext_00046
dlk_proceso_0034;6;dash_tbl_00582,std_tbl_00613,dash_tbl_00037,dlk_tbl_00060,gob_tbl_00669,std_tbl_00013;6;dlk_tbl_00007,gob_tbl_00553,gob_tbl_00938,proc_ext_00128,dlk_ext_00009,gob_ext_00028
proc_proceso_0035;2;dlk_tbl_00551,gob_tbl_00858;6;dlk_tbl_00599,dlk_tbl_00006,gob_tbl_00387,dlk_ext_00059,dlk_ext_00022,dlk_ext_00119
proc_proceso_0036;4;gob_tbl_00328,dlk_tbl_00419,dlk_tbl_00177,ppn_tbl_00532;9;gob_tbl_00776,dlk_tbl_00112,dlk_tbl_00327,gob_tbl_00136,gob_tbl_00729,proc_ext_00115,gob_ext_00075,gob_ext_00037,proc_ext_00051
dlk_proceso_0037;5;gob_tbl_00257,proc_tbl_00543,dlk_tbl_00898,dash_tbl_00650,proc_tbl_00704;8;dlk_tbl_00370,dlk_tbl_00421,gob_tbl_00521,dlk_tbl_00792,proc_tbl_00003,dlk_ext_00119,gob_ext_00037,proc_ext_00056
gob_proceso_0038;3;gob_tbl_00041,dlk_tbl_00941,dlk_tbl_00302;15;proc_tbl_00359,proc_tbl_00221,gob_tbl_00424,gob_tbl_00542,gob_tbl_00403,gob_tbl_00270,gob_tbl_00504,dlk_tbl_00112,proc_tbl_00361,dlk_ext_00060,gob_ext_00123,proc_ext_00046,dlk_ext_00057,proc_ext_00051,gob_ext_00023
dash_proceso_0039;3;m4vw_tbl_00188,m4vw_tbl_00764,gob_tbl_00040;5;dash_tbl_00723,gob_tbl_00676,gob_tbl_00472,dlk_ext_00032,dlk_ext_00006
dlk_proceso_0040;3;std_tbl_00331,dash_tbl_00523,dlk_tbl_00312;13;gob_tbl_00267,dlk_tbl_00882,gob_tbl_00043,gob_tbl_00041,proc_tbl_00665,dlk_tbl_00667,dlk_tbl_00156,dlk_ext_00019,dash_ext_00035,proc_ext_00122,dash_ext_00044,dlk_ext_00125,dlk_ext_00007
gob_proceso_0041;2;dlk_tbl_00326,gob_tbl_00623;5;gob_tbl_00143,proc_tbl_00335,dlk_tbl_00166,gob_ext_00023,dash_ext_00077
dlk_proceso_0042;4;dlk_tbl_00166,dlk_tbl_00917,m4sco_tbl_00216,gob_tbl_00134;10;proc_tbl_00198,gob_tbl_00056,std_tbl_00732,dlk_tbl_00540,proc_tbl_00118,dlk_tbl_00046,proc_ext_00046,gob_ext_00067,gob_ext_00023,dlk_ext_00007
dlk_proceso_0043;5;proc_tbl_00546,dlk_tbl_00237,gob_tbl_00557,dash_tbl_00747,dlk_tbl_00086;8;dlk_tbl_00093,dlk_tbl_00800,dlk_tbl_00862,dlk_tbl_00296,gob_tbl_00763,dlk_ext_00094,dlk_ext_00052,proc_ext_00056
dlk_proceso_0044;6;gob_tbl_00801,proc_tbl_00338,dlk_tbl_00576,proc_tbl_00225,proc_tbl_00603,gob_tbl_00270;11;dlk_tbl_00034,proc_tbl_00116,dlk_tbl_00312,dlk_tbl_00298,gob_tbl_00427,gob_tbl_00121,dash_ext_00035,dash_ext_00120,dlk_ext_00000,dlk_ext_00007,dlk_ext_00119
dlk_proceso_0045;5;gob_tbl_00776,gob_tbl_00371,gob_tbl_00077,gob_tbl_00083,proc_tbl_00305;4;dash_tbl_00594,gob_tbl_00537,dlk_ext_00101,proc_ext_00072
dash_proceso_0046;6;ppn_tbl_00389,gob_tbl_00938,gob_tbl_00767,dlk_tbl_00735,gob_tbl_00049,gob_tbl_00673;10;gob_tbl_00467,std_tbl_00187,gob_tbl_00072,gob_tbl_00273,gob_tbl_00803,dlk_tbl_00258,proc_ext_00103,dash_ext_00100,gob_ext_00073,gob_ext_00110
dlk_proceso_0047;7;gob_tbl_00601,dlk_tbl_00340,gob_tbl_00795,gob_tbl_00755,dash_tbl_00129,dlk_tbl_00286,ppn_tbl_00641;9;gob_tbl_00413,proc_tbl_00926,proc_tbl_00361,gob_tbl_00350,proc_tbl_00605,gob_ext_00042,dlk_ext_00052,dash_ext_00095,gob_ext_00012
dlk_proceso_0048;6;gob_tbl_00547,gob_tbl_00592,gob_tbl_00549,gob_tbl_00879,gob_tbl_00438,gob_tbl_00243;4;m4sco_tbl_00342,gob_tbl_00140,gob_ext_00012,gob_ext_00042
gob_proceso_0049;4;dlk_tbl_00644,proc_tbl_00771,proc_tbl_00492,dlk_tbl_00565;8;gob_tbl_00106,dlk_tbl_00312,gob_tbl_00918,dlk_tbl_00862,gob_tbl_00542,gob_ext_00010,gob_ext_00049,dash_ext_00003
