tabla;peso
planta_trabajo_sap;5
planta_completa_sap;10
planta_dia_sap;15
personales_sap;20
laborales_sap;5
std_hr_period_sap;10
m4vw_personales_sap;15
m4vw_laborales_sap;20
m4vw_jef_directos_sap;5
posicion_sap;10
std_job_sap;15
std_work_location_sap;20
std_work_unit_sap;5
ppn_colaboradores_sap;10
ppn_cargo_sap;15
template_colaboradores_sap;20
template_departamento_sap;5
template_centro_costo_sap;10
cat_desempeno_2024_sap;15
nomina_desempeno_2024_sap;20
colaborador_antiguedad_sap;5
arbol_jerarquico_sap;10
planta_internacional_sap;15
cci_familia_puesto_sap;20
std_country_sap;5
socios_sap;10
